{"cameraMode":{"drawMode":0,"name":"Shaded","section":"Shading Mode"},"sceneLighting":false,"audioPlay":false,"sceneViewState":{"showFog":true,"showMaterialUpdate":false,"showSkybox":false,"showFlares":true,"showImageEffects":true,"showParticleSystems":true},"in2DMode":false,"pivot":{"x":0.3156554698944092,"y":3.6233749389648439,"z":-0.16290754079818726},"rotation":{"x":-0.16268862783908845,"y":-0.10722437500953675,"z":0.017815163359045984,"w":-0.9806894659996033},"size":15.259317398071289,"orthographic":false}