{"cameraMode":{"drawMode":0,"name":"Shaded","section":"Shading Mode"},"sceneLighting":false,"audioPlay":false,"sceneViewState":{"showFog":true,"showMaterialUpdate":false,"showSkybox":false,"showFlares":true,"showImageEffects":true,"showParticleSystems":true},"in2DMode":false,"pivot":{"x":0.1250615119934082,"y":1.2148442268371583,"z":-0.6360578536987305},"rotation":{"x":-0.16268862783908845,"y":-0.10722437500953675,"z":0.017815163359045984,"w":-0.9806894659996033},"size":14.160537719726563,"orthographic":false}