{"cameraMode":{"drawMode":0,"name":"Shaded","section":"Shading Mode"},"sceneLighting":false,"audioPlay":false,"sceneViewState":{"showFog":true,"showMaterialUpdate":false,"showSkybox":false,"showFlares":true,"showImageEffects":true,"showParticleSystems":true},"in2DMode":false,"pivot":{"x":0.08626508712768555,"y":0.31271612644195559,"z":-0.381577730178833},"rotation":{"x":0.04109003394842148,"y":0.74759441614151,"z":0.046513546258211139,"w":-0.6612748503684998},"size":3.5234358310699465,"orthographic":false}