{"cameraMode":{"drawMode":0,"name":"Shaded","section":"Shading Mode"},"sceneLighting":false,"audioPlay":false,"sceneViewState":{"showFog":true,"showMaterialUpdate":false,"showSkybox":false,"showFlares":true,"showImageEffects":true,"showParticleSystems":true},"in2DMode":false,"pivot":{"x":0.004487395286560059,"y":2.799999713897705,"z":-0.0077724456787109379},"rotation":{"x":-0.16268862783908845,"y":-0.10722437500953675,"z":0.017815163359045984,"w":-0.9806894659996033},"size":10.55407428741455,"orthographic":false}