{"cameraMode":{"drawMode":0,"name":"Shaded","section":"Shading Mode"},"sceneLighting":false,"audioPlay":false,"sceneViewState":{"showFog":true,"showMaterialUpdate":false,"showSkybox":false,"showFlares":true,"showImageEffects":true,"showParticleSystems":true},"in2DMode":false,"pivot":{"x":-17.162120819091798,"y":-45.721675872802737,"z":-98.43074035644531},"rotation":{"x":0.05817021429538727,"y":0.9406872987747192,"z":-0.2111559510231018,"w":0.25912874937057497},"size":3.7578835487365724,"orthographic":false}