{"cameraMode":{"drawMode":0,"name":"Shaded","section":"Shading Mode"},"sceneLighting":false,"audioPlay":false,"sceneViewState":{"showFog":true,"showMaterialUpdate":false,"showSkybox":false,"showFlares":true,"showImageEffects":true,"showParticleSystems":true},"in2DMode":false,"pivot":{"x":-3.3491063117980959,"y":1.0644252300262452,"z":-10.756074905395508},"rotation":{"x":-0.10109780728816986,"y":0.6892708539962769,"z":-0.09805990755558014,"w":-0.7106948494911194},"size":2.5080151557922365,"orthographic":false}