{"cameraMode":{"drawMode":0,"name":"Shaded","section":"Shading Mode"},"sceneLighting":false,"audioPlay":false,"sceneViewState":{"showFog":true,"showMaterialUpdate":false,"showSkybox":false,"showFlares":true,"showImageEffects":true,"showParticleSystems":true},"in2DMode":false,"pivot":{"x":-0.18728065490722657,"y":1.0075654983520508,"z":0.0835714340209961},"rotation":{"x":-0.16268862783908845,"y":-0.10722437500953675,"z":0.017815163359045984,"w":-0.9806894659996033},"size":15.680769920349121,"orthographic":false}