{"cameraMode":{"drawMode":0,"name":"Shaded","section":"Shading Mode"},"sceneLighting":false,"audioPlay":false,"sceneViewState":{"showFog":true,"showMaterialUpdate":false,"showSkybox":false,"showFlares":true,"showImageEffects":true,"showParticleSystems":true},"in2DMode":false,"pivot":{"x":3.0547218322753908,"y":0.9933595657348633,"z":2.742753505706787},"rotation":{"x":-0.07157047092914581,"y":-0.9283990263938904,"z":0.2548504173755646,"w":-0.26084133982658389},"size":9.219452857971192,"orthographic":false}