{"cameraMode":{"drawMode":0,"name":"Shaded","section":"Shading Mode"},"sceneLighting":false,"audioPlay":false,"sceneViewState":{"showFog":true,"showMaterialUpdate":false,"showSkybox":false,"showFlares":true,"showImageEffects":true,"showParticleSystems":true},"in2DMode":false,"pivot":{"x":-1.0727307796478272,"y":0.5126166343688965,"z":-1.413278579711914},"rotation":{"x":0.12011129409074784,"y":0.15010789036750794,"z":-0.018378138542175294,"w":0.9811772108078003},"size":4.500057220458984,"orthographic":false}