{"cameraMode":{"drawMode":0,"name":"Shaded","section":"Shading Mode"},"sceneLighting":false,"audioPlay":false,"sceneViewState":{"showFog":true,"showMaterialUpdate":false,"showSkybox":false,"showFlares":true,"showImageEffects":true,"showParticleSystems":true},"in2DMode":false,"pivot":{"x":-2.384185791015625e-7,"y":0.10000001639127732,"z":-2.384185791015625e-7},"rotation":{"x":-0.03519289940595627,"y":0.9621301293373108,"z":-0.15072165429592133,"w":-0.22446396946907044},"size":9.339644432067871,"orthographic":false}