{"cameraMode":{"drawMode":0,"name":"Shaded","section":"Shading Mode"},"sceneLighting":false,"audioPlay":false,"sceneViewState":{"showFog":true,"showMaterialUpdate":false,"showSkybox":false,"showFlares":true,"showImageEffects":true,"showParticleSystems":true},"in2DMode":false,"pivot":{"x":0.724207878112793,"y":-2.0843520164489748,"z":0.3429756164550781},"rotation":{"x":-0.044361136853694919,"y":-0.953038215637207,"z":0.24477514624595643,"w":-0.17282886803150178},"size":15.731362342834473,"orthographic":false}