{"cameraMode":{"drawMode":0,"name":"Shaded","section":"Shading Mode"},"sceneLighting":false,"audioPlay":false,"sceneViewState":{"showFog":true,"showMaterialUpdate":false,"showSkybox":false,"showFlares":true,"showImageEffects":true,"showParticleSystems":true},"in2DMode":false,"pivot":{"x":-0.03237771987915039,"y":-1.457986831665039,"z":-1.3206963539123536},"rotation":{"x":-0.02955446019768715,"y":-0.9338000416755676,"z":0.347652792930603,"w":-0.079470694065094},"size":10.856364250183106,"orthographic":false}