{"cameraMode":{"drawMode":0,"name":"Shaded","section":"Shading Mode"},"sceneLighting":false,"audioPlay":false,"sceneViewState":{"showFog":true,"showMaterialUpdate":false,"showSkybox":false,"showFlares":true,"showImageEffects":true,"showParticleSystems":true},"in2DMode":false,"pivot":{"x":-1.1631479263305665,"y":1.971954584121704,"z":0.21524786949157716},"rotation":{"x":-0.11479779332876206,"y":-0.32530468702316286,"z":0.039822667837142947,"w":-0.9377707839012146},"size":4.433239459991455,"orthographic":false}