{"cameraMode":{"drawMode":0,"name":"Shaded","section":"Shading Mode"},"sceneLighting":false,"audioPlay":false,"sceneViewState":{"showFog":true,"showMaterialUpdate":false,"showSkybox":false,"showFlares":true,"showImageEffects":true,"showParticleSystems":true},"in2DMode":false,"pivot":{"x":-0.1992626190185547,"y":3.2374167442321779,"z":-0.07045269012451172},"rotation":{"x":-0.08933120220899582,"y":0.9040142893791199,"z":-0.232169508934021,"w":-0.347721666097641},"size":11.014875411987305,"orthographic":false}