{"cameraMode":{"drawMode":0,"name":"Shaded","section":"Shading Mode"},"sceneLighting":false,"audioPlay":false,"sceneViewState":{"showFog":true,"showMaterialUpdate":false,"showSkybox":false,"showFlares":true,"showImageEffects":true,"showParticleSystems":true},"in2DMode":false,"pivot":{"x":-0.05614972114562988,"y":1.0446827411651612,"z":0.12682247161865235},"rotation":{"x":-0.16268862783908845,"y":-0.10722437500953675,"z":0.017815163359045984,"w":-0.9806894659996033},"size":6.382666110992432,"orthographic":false}