{"cameraMode":{"drawMode":0,"name":"Shaded","section":"Shading Mode"},"sceneLighting":false,"audioPlay":false,"sceneViewState":{"showFog":true,"showMaterialUpdate":false,"showSkybox":false,"showFlares":true,"showImageEffects":true,"showParticleSystems":true},"in2DMode":false,"pivot":{"x":-1.5792224407196046,"y":0.37209033966064455,"z":0.9989368915557861},"rotation":{"x":-0.07398101687431336,"y":0.9203715920448303,"z":-0.21296243369579316,"w":-0.3195713460445404},"size":5.59352970123291,"orthographic":false}