{"cameraMode":{"drawMode":0,"name":"Shaded","section":"Shading Mode"},"sceneLighting":false,"audioPlay":false,"sceneViewState":{"showFog":true,"showMaterialUpdate":false,"showSkybox":false,"showFlares":true,"showImageEffects":true,"showParticleSystems":true},"in2DMode":false,"pivot":{"x":0.7118911743164063,"y":1.5743155479431153,"z":2.086688756942749},"rotation":{"x":-0.11944596469402313,"y":0.6676264405250549,"z":-0.10970590263605118,"w":-0.7266404628753662},"size":6.190287113189697,"orthographic":false}