{"cameraMode":{"drawMode":0,"name":"Shaded","section":"Shading Mode"},"sceneLighting":true,"audioPlay":false,"sceneViewState":{"showFog":true,"showMaterialUpdate":false,"showSkybox":true,"showFlares":true,"showImageEffects":true,"showParticleSystems":true},"in2DMode":false,"pivot":{"x":12.523780822753907,"y":-9.392600059509278,"z":-11.488140106201172},"rotation":{"x":0.2232634425163269,"y":0.6930132508277893,"z":-0.24110014736652375,"w":0.6417157053947449},"size":29.901485443115236,"orthographic":false}