{"cameraMode":{"drawMode":0,"name":"Shaded","section":"Shading Mode"},"sceneLighting":true,"audioPlay":false,"sceneViewState":{"showFog":true,"showMaterialUpdate":false,"showSkybox":false,"showFlares":true,"showImageEffects":true,"showParticleSystems":true},"in2DMode":false,"pivot":{"x":-4.532662391662598,"y":7.197998523712158,"z":-10.444899559020996},"rotation":{"x":0.04642810299992561,"y":-0.8950572609901428,"z":0.09596610069274903,"w":0.43303099274635317},"size":5.939595699310303,"orthographic":false}