{"cameraMode":{"drawMode":0,"name":"Shaded","section":"Shading Mode"},"sceneLighting":false,"audioPlay":false,"sceneViewState":{"showFog":true,"showMaterialUpdate":false,"showSkybox":false,"showFlares":true,"showImageEffects":true,"showParticleSystems":true},"in2DMode":false,"pivot":{"x":0.017735496163368226,"y":1.0954163074493409,"z":-0.19587862491607667},"rotation":{"x":-0.004997173324227333,"y":-0.9944782257080078,"z":0.08855228126049042,"w":-0.05614202842116356},"size":1.774122953414917,"orthographic":false}