{"cameraMode":{"drawMode":0,"name":"Shaded","section":"Shading Mode"},"sceneLighting":false,"audioPlay":false,"sceneViewState":{"showFog":true,"showMaterialUpdate":false,"showSkybox":false,"showFlares":true,"showImageEffects":true,"showParticleSystems":true},"in2DMode":false,"pivot":{"x":0.0,"y":1.6770000457763672,"z":4.76837158203125e-7},"rotation":{"x":0.006187934894114733,"y":-0.9929472208023071,"z":0.10194389522075653,"w":0.06025243550539017},"size":32.65507888793945,"orthographic":false}