{"cameraMode":{"drawMode":0,"name":"Shaded","section":"Shading Mode"},"sceneLighting":false,"audioPlay":false,"sceneViewState":{"showFog":true,"showMaterialUpdate":false,"showSkybox":false,"showFlares":true,"showImageEffects":true,"showParticleSystems":true},"in2DMode":false,"pivot":{"x":-17.912691116333009,"y":-45.537418365478519,"z":-98.39942932128906},"rotation":{"x":-0.02646508440375328,"y":-0.9691581130027771,"z":0.12011663615703583,"w":-0.21356408298015595},"size":4.3253173828125,"orthographic":false}