{"cameraMode":{"drawMode":0,"name":"Shaded","section":"Shading Mode"},"sceneLighting":false,"audioPlay":false,"sceneViewState":{"showFog":true,"showMaterialUpdate":false,"showSkybox":false,"showFlares":true,"showImageEffects":true,"showParticleSystems":true},"in2DMode":false,"pivot":{"x":0.43915486335754397,"y":-1.2655351161956788,"z":-7.6529951095581059},"rotation":{"x":0.013443884439766407,"y":0.9842817187309265,"z":-0.15360529720783235,"w":0.08614764362573624},"size":15.731362342834473,"orthographic":false}