{"cameraMode":{"drawMode":0,"name":"Shaded","section":"Shading Mode"},"sceneLighting":false,"audioPlay":false,"sceneViewState":{"showFog":true,"showMaterialUpdate":false,"showSkybox":false,"showFlares":true,"showImageEffects":true,"showParticleSystems":true},"in2DMode":false,"pivot":{"x":-0.5214413404464722,"y":2.242499351501465,"z":-0.46419382095336916},"rotation":{"x":-0.004997173324227333,"y":-0.9944782257080078,"z":0.08855228126049042,"w":-0.05614202842116356},"size":6.4517340660095219,"orthographic":false}