{"cameraMode":{"drawMode":0,"name":"Shaded","section":"Shading Mode"},"sceneLighting":false,"audioPlay":false,"sceneViewState":{"showFog":true,"showMaterialUpdate":false,"showSkybox":false,"showFlares":true,"showImageEffects":true,"showParticleSystems":true},"in2DMode":false,"pivot":{"x":3.999999761581421,"y":0.8499999642372131,"z":-3.999999761581421},"rotation":{"x":0.02491806074976921,"y":0.9546532034873962,"z":-0.08356281369924545,"w":0.284673810005188},"size":9.746179580688477,"orthographic":false}