{"cameraMode":{"drawMode":0,"name":"Shaded","section":"Shading Mode"},"sceneLighting":false,"audioPlay":false,"sceneViewState":{"showFog":true,"showMaterialUpdate":false,"showSkybox":false,"showFlares":true,"showImageEffects":true,"showParticleSystems":true},"in2DMode":false,"pivot":{"x":-0.3229646682739258,"y":-0.21573865413665772,"z":-1.6500744819641114},"rotation":{"x":-0.036380138248205188,"y":0.8617131114006043,"z":-0.06241868436336517,"w":-0.5022326111793518},"size":11.083876609802246,"orthographic":false}