{"cameraMode":{"drawMode":0,"name":"Shaded","section":"Shading Mode"},"sceneLighting":false,"audioPlay":false,"sceneViewState":{"showFog":true,"showMaterialUpdate":false,"showSkybox":false,"showFlares":true,"showImageEffects":true,"showParticleSystems":true},"in2DMode":false,"pivot":{"x":-0.38672375679016116,"y":1.490662932395935,"z":0.8655939102172852},"rotation":{"x":-0.004997173324227333,"y":-0.9944782257080078,"z":0.08855228126049042,"w":-0.05614202842116356},"size":8.138137817382813,"orthographic":false}