{"cameraMode":{"drawMode":0,"name":"Shaded","section":"Shading Mode"},"sceneLighting":false,"audioPlay":false,"sceneViewState":{"showFog":true,"showMaterialUpdate":false,"showSkybox":false,"showFlares":true,"showImageEffects":true,"showParticleSystems":true},"in2DMode":false,"pivot":{"x":-3.315330982208252,"y":0.10258323699235916,"z":-11.80289363861084},"rotation":{"x":0.0032601095736026766,"y":0.9967422485351563,"z":-0.05718580633401871,"w":0.05686288699507713},"size":1.0017104148864747,"orthographic":false}