{"cameraMode":{"drawMode":0,"name":"Shaded","section":"Shading Mode"},"sceneLighting":false,"audioPlay":false,"sceneViewState":{"showFog":true,"showMaterialUpdate":false,"showSkybox":false,"showFlares":true,"showImageEffects":true,"showParticleSystems":true},"in2DMode":false,"pivot":{"x":0.565798282623291,"y":0.46472227573394778,"z":0.29874277114868166},"rotation":{"x":0.02491806074976921,"y":0.9546532034873962,"z":-0.08356281369924545,"w":0.284673810005188},"size":8.520976066589356,"orthographic":false}