{"cameraMode":{"drawMode":0,"name":"Shaded","section":"Shading Mode"},"sceneLighting":false,"audioPlay":false,"sceneViewState":{"showFog":true,"showMaterialUpdate":false,"showSkybox":false,"showFlares":true,"showImageEffects":true,"showParticleSystems":true},"in2DMode":false,"pivot":{"x":-12.991476058959961,"y":-1.3866710662841797,"z":-3.7668771743774416},"rotation":{"x":-0.10080345720052719,"y":0.8815070390701294,"z":-0.21881389617919923,"w":-0.4060916602611542},"size":22.607437133789064,"orthographic":false}