{"cameraMode":{"drawMode":0,"name":"Shaded","section":"Shading Mode"},"sceneLighting":false,"audioPlay":false,"sceneViewState":{"showFog":true,"showMaterialUpdate":false,"showSkybox":false,"showFlares":true,"showImageEffects":true,"showParticleSystems":true},"in2DMode":false,"pivot":{"x":-19.687206268310548,"y":-47.13096618652344,"z":-99.30841827392578},"rotation":{"x":0.09646815806627274,"y":-0.8986145853996277,"z":0.2489967942237854,"w":0.34813129901885989},"size":4.3253173828125,"orthographic":false}