{"cameraMode":{"drawMode":0,"name":"Shaded","section":"Shading Mode"},"sceneLighting":false,"audioPlay":false,"sceneViewState":{"showFog":true,"showMaterialUpdate":false,"showSkybox":false,"showFlares":true,"showImageEffects":true,"showParticleSystems":true},"in2DMode":false,"pivot":{"x":0.29691624641418459,"y":0.5,"z":-0.43434083461761477},"rotation":{"x":0.02491806074976921,"y":0.9546532034873962,"z":-0.08356281369924545,"w":0.284673810005188},"size":7.192183017730713,"orthographic":false}