{"cameraMode":{"drawMode":0,"name":"Shaded","section":"Shading Mode"},"sceneLighting":false,"audioPlay":false,"sceneViewState":{"showFog":true,"showMaterialUpdate":false,"showSkybox":false,"showFlares":true,"showImageEffects":true,"showParticleSystems":true},"in2DMode":false,"pivot":{"x":-3.3237743377685549,"y":0.2671133875846863,"z":-11.898935317993164},"rotation":{"x":0.06412363797426224,"y":-0.9071481823921204,"z":0.14994247257709504,"w":0.3879341781139374},"size":2.751237630844116,"orthographic":false}