{"cameraMode":{"drawMode":0,"name":"Shaded","section":"Shading Mode"},"sceneLighting":false,"audioPlay":false,"sceneViewState":{"showFog":true,"showMaterialUpdate":false,"showSkybox":false,"showFlares":true,"showImageEffects":true,"showParticleSystems":true},"in2DMode":false,"pivot":{"x":-2.384185791015625e-7,"y":0.10000000894069672,"z":2.384185791015625e-7},"rotation":{"x":0.02491806074976921,"y":0.9546532034873962,"z":-0.08356281369924545,"w":0.284673810005188},"size":9.339644432067871,"orthographic":false}