{"cameraMode":{"drawMode":0,"name":"Shaded","section":"Shading Mode"},"sceneLighting":false,"audioPlay":false,"sceneViewState":{"showFog":true,"showMaterialUpdate":false,"showSkybox":false,"showFlares":true,"showImageEffects":true,"showParticleSystems":true},"in2DMode":false,"pivot":{"x":1.0059924125671387,"y":0.7431838512420654,"z":0.12279939651489258},"rotation":{"x":-0.004733453970402479,"y":0.9930526614189148,"z":-0.10948710143566132,"w":-0.04292554780840874},"size":5.328915596008301,"orthographic":false}