{"cameraMode":{"drawMode":0,"name":"Shaded","section":"Shading Mode"},"sceneLighting":true,"audioPlay":false,"sceneViewState":{"showFog":true,"showMaterialUpdate":false,"showSkybox":false,"showFlares":true,"showImageEffects":true,"showParticleSystems":true},"in2DMode":false,"pivot":{"x":-2.065660238265991,"y":1.7326537370681763,"z":-14.05420207977295},"rotation":{"x":0.08498147875070572,"y":-0.12934914231300355,"z":0.011123526841402054,"w":0.9879090785980225},"size":4.963161468505859,"orthographic":false}