{"cameraMode":{"drawMode":0,"name":"Shaded","section":"Shading Mode"},"sceneLighting":true,"audioPlay":false,"sceneViewState":{"showFog":true,"showMaterialUpdate":false,"showSkybox":false,"showFlares":true,"showImageEffects":true,"showParticleSystems":true},"in2DMode":false,"pivot":{"x":-20.13164710998535,"y":-10.402230262756348,"z":-8.316360473632813},"rotation":{"x":0.23589085042476655,"y":-0.30122706294059756,"z":0.07717233896255493,"w":0.9207079410552979},"size":52.05659103393555,"orthographic":false}